[{"LED_off":"0","LED_on":"127","controller_id":1,"file_name":"2_controller.json","grid_height":1000,"grid_width":1000,"has_child":1,"id":0,"name":"Akai MIDImix (imported 1)","square_size":16,"type":"controller","script_attach_id":31330,"errors":""},{"control_container_height":43,"control_container_left":2,"control_container_top":1,"control_container_width":58,"has_child":0,"icon":"fa-clone","id":1,"level":0,"name":"Container 1","parent_id":0,"type":{"color":"#78e371","has_child":0,"icon":"fa-clone","id":0,"parent":null,"type":"Container"},"errors":""},{"MIDI_channel":1,"MIDI_type":"CC","MIDI_value":16,"control_knob_align_to":"left","control_knob_left":4,"control_knob_radius":4,"control_knob_top":4,"control_type":"Absolute","control_type_first":1,"control_type_last":127,"control_type_reverse_mode":"Off","control_type_takeover_mode":"None","has_child":0,"icon":"fa-power-off","id":2,"level":0,"name":"Knob 1","parent_id":0,"type":{"color":"#969696","has_child":0,"icon":"fa-power-off","id":1,"parent":null,"type":"Knob"},"errors":""},{"MIDI_channel":1,"MIDI_type":"CC","MIDI_value":20,"control_knob_align_to":"left","control_knob_left":10,"control_knob_radius":4,"control_knob_top":4,"control_type":"Absolute","control_type_first":1,"control_type_last":127,"control_type_reverse_mode":"Off","control_type_takeover_mode":"None","has_child":0,"icon":"fa-power-off","id":3,"level":0,"name":"Knob 2","parent_id":0,"type":{"color":"#969696","has_child":0,"icon":"fa-power-off","id":1,"parent":null,"type":"Knob"},"errors":""},{"MIDI_channel":1,"MIDI_type":"CC","MIDI_value":24,"control_knob_align_to":"left","control_knob_left":16,"control_knob_radius":4,"control_knob_top":4,"control_type":"Absolute","control_type_first":1,"control_type_last":127,"control_type_reverse_mode":"Off","control_type_takeover_mode":"None","has_child":0,"icon":"fa-power-off","id":4,"level":0,"name":"Knob 3","parent_id":0,"type":{"color":"#969696","has_child":0,"icon":"fa-power-off","id":1,"parent":null,"type":"Knob"},"errors":""},{"MIDI_channel":1,"MIDI_type":"CC","MIDI_value":28,"control_knob_align_to":"left","control_knob_left":22,"control_knob_radius":4,"control_knob_top":4,"control_type":"Absolute","control_type_first":1,"control_type_last":127,"control_type_reverse_mode":"Off","control_type_takeover_mode":"None","has_child":0,"icon":"fa-power-off","id":5,"level":0,"name":"Knob 4","parent_id":0,"type":{"color":"#969696","has_child":0,"icon":"fa-power-off","id":1,"parent":null,"type":"Knob"},"errors":""},{"MIDI_channel":1,"MIDI_type":"CC","MIDI_value":46,"control_knob_align_to":"left","control_knob_left":28,"control_knob_radius":4,"control_knob_top":4,"control_type":"Absolute","control_type_first":1,"control_type_last":127,"control_type_reverse_mode":"Off","control_type_takeover_mode":"None","has_child":0,"icon":"fa-power-off","id":6,"level":0,"name":"Knob 5","parent_id":0,"type":{"color":"#969696","has_child":0,"icon":"fa-power-off","id":1,"parent":null,"type":"Knob"},"errors":""},{"MIDI_channel":1,"MIDI_type":"CC","MIDI_value":50,"control_knob_align_to":"left","control_knob_left":34,"control_knob_radius":4,"control_knob_top":4,"control_type":"Absolute","control_type_first":1,"control_type_last":127,"control_type_reverse_mode":"Off","control_type_takeover_mode":"None","has_child":0,"icon":"fa-power-off","id":7,"level":0,"name":"Knob 6","parent_id":0,"type":{"color":"#969696","has_child":0,"icon":"fa-power-off","id":1,"parent":null,"type":"Knob"},"errors":""},{"MIDI_channel":1,"MIDI_type":"CC","MIDI_value":54,"control_knob_align_to":"left","control_knob_left":40,"control_knob_radius":4,"control_knob_top":4,"control_type":"Absolute","control_type_first":1,"control_type_last":127,"control_type_reverse_mode":"Off","control_type_takeover_mode":"None","has_child":0,"icon":"fa-power-off","id":8,"level":0,"name":"Knob 7","parent_id":0,"type":{"color":"#969696","has_child":0,"icon":"fa-power-off","id":1,"parent":null,"type":"Knob"},"errors":""},{"MIDI_channel":1,"MIDI_type":"CC","MIDI_value":58,"control_knob_align_to":"left","control_knob_left":46,"control_knob_radius":4,"control_knob_top":4,"control_type":"Absolute","control_type_first":1,"control_type_last":127,"control_type_reverse_mode":"Off","control_type_takeover_mode":"None","has_child":0,"icon":"fa-power-off","id":9,"level":0,"name":"Knob 8","parent_id":0,"type":{"color":"#969696","has_child":0,"icon":"fa-power-off","id":1,"parent":null,"type":"Knob"},"errors":""},{"MIDI_channel":1,"MIDI_type":"CC","MIDI_value":17,"control_knob_align_to":"left","control_knob_left":4,"control_knob_radius":4,"control_knob_top":10,"control_type":"Absolute","control_type_first":1,"control_type_last":127,"control_type_reverse_mode":"Off","control_type_takeover_mode":"None","has_child":0,"icon":"fa-power-off","id":10,"level":0,"name":"Knob 9","parent_id":0,"type":{"color":"#969696","has_child":0,"icon":"fa-power-off","id":1,"parent":null,"type":"Knob"},"errors":""},{"MIDI_channel":1,"MIDI_type":"CC","MIDI_value":21,"control_knob_align_to":"left","control_knob_left":10,"control_knob_radius":4,"control_knob_top":10,"control_type":"Absolute","control_type_first":1,"control_type_last":127,"control_type_reverse_mode":"Off","control_type_takeover_mode":"None","has_child":0,"icon":"fa-power-off","id":11,"level":0,"name":"Knob 10","parent_id":0,"type":{"color":"#969696","has_child":0,"icon":"fa-power-off","id":1,"parent":null,"type":"Knob"},"errors":""},{"MIDI_channel":1,"MIDI_type":"CC","MIDI_value":25,"control_knob_align_to":"left","control_knob_left":16,"control_knob_radius":4,"control_knob_top":10,"control_type":"Absolute","control_type_first":1,"control_type_last":127,"control_type_reverse_mode":"Off","control_type_takeover_mode":"None","has_child":0,"icon":"fa-power-off","id":12,"level":0,"name":"Knob 11","parent_id":0,"type":{"color":"#969696","has_child":0,"icon":"fa-power-off","id":1,"parent":null,"type":"Knob"},"errors":""},{"MIDI_channel":1,"MIDI_type":"CC","MIDI_value":29,"control_knob_align_to":"left","control_knob_left":22,"control_knob_radius":4,"control_knob_top":10,"control_type":"Absolute","control_type_first":1,"control_type_last":127,"control_type_reverse_mode":"Off","control_type_takeover_mode":"None","has_child":0,"icon":"fa-power-off","id":13,"level":0,"name":"Knob 12","parent_id":0,"type":{"color":"#969696","has_child":0,"icon":"fa-power-off","id":1,"parent":null,"type":"Knob"},"errors":""},{"MIDI_channel":1,"MIDI_type":"CC","MIDI_value":47,"control_knob_align_to":"left","control_knob_left":28,"control_knob_radius":4,"control_knob_top":10,"control_type":"Absolute","control_type_first":1,"control_type_last":127,"control_type_reverse_mode":"Off","control_type_takeover_mode":"None","has_child":0,"icon":"fa-power-off","id":14,"level":0,"name":"Knob 13","parent_id":0,"type":{"color":"#969696","has_child":0,"icon":"fa-power-off","id":1,"parent":null,"type":"Knob"},"errors":""},{"MIDI_channel":1,"MIDI_type":"CC","MIDI_value":51,"control_knob_align_to":"left","control_knob_left":34,"control_knob_radius":4,"control_knob_top":10,"control_type":"Absolute","control_type_first":1,"control_type_last":127,"control_type_reverse_mode":"Off","control_type_takeover_mode":"None","has_child":0,"icon":"fa-power-off","id":15,"level":0,"name":"Knob 14","parent_id":0,"type":{"color":"#969696","has_child":0,"icon":"fa-power-off","id":1,"parent":null,"type":"Knob"},"errors":""},{"MIDI_channel":1,"MIDI_type":"CC","MIDI_value":55,"control_knob_align_to":"left","control_knob_left":40,"control_knob_radius":4,"control_knob_top":10,"control_type":"Absolute","control_type_first":1,"control_type_last":127,"control_type_reverse_mode":"Off","control_type_takeover_mode":"None","has_child":0,"icon":"fa-power-off","id":16,"level":0,"name":"Knob 15","parent_id":0,"type":{"color":"#969696","has_child":0,"icon":"fa-power-off","id":1,"parent":null,"type":"Knob"},"errors":""},{"MIDI_channel":1,"MIDI_type":"CC","MIDI_value":59,"control_knob_align_to":"left","control_knob_left":46,"control_knob_radius":4,"control_knob_top":10,"control_type":"Absolute","control_type_first":1,"control_type_last":127,"control_type_reverse_mode":"Off","control_type_takeover_mode":"None","has_child":0,"icon":"fa-power-off","id":17,"level":0,"name":"Knob 16","parent_id":0,"type":{"color":"#969696","has_child":0,"icon":"fa-power-off","id":1,"parent":null,"type":"Knob"},"errors":""},{"MIDI_channel":1,"MIDI_type":"CC","MIDI_value":18,"control_knob_align_to":"left","control_knob_left":4,"control_knob_radius":4,"control_knob_top":16,"control_type":"Absolute","control_type_first":1,"control_type_last":127,"control_type_reverse_mode":"Off","control_type_takeover_mode":"None","has_child":0,"icon":"fa-power-off","id":18,"level":0,"name":"Knob 17","parent_id":0,"type":{"color":"#969696","has_child":0,"icon":"fa-power-off","id":1,"parent":null,"type":"Knob"},"errors":""},{"MIDI_channel":1,"MIDI_type":"CC","MIDI_value":22,"control_knob_align_to":"left","control_knob_left":10,"control_knob_radius":4,"control_knob_top":16,"control_type":"Absolute","control_type_first":1,"control_type_last":127,"control_type_reverse_mode":"Off","control_type_takeover_mode":"None","has_child":0,"icon":"fa-power-off","id":19,"level":0,"name":"Knob 18","parent_id":0,"type":{"color":"#969696","has_child":0,"icon":"fa-power-off","id":1,"parent":null,"type":"Knob"},"errors":""},{"MIDI_channel":1,"MIDI_type":"CC","MIDI_value":26,"control_knob_align_to":"left","control_knob_left":16,"control_knob_radius":4,"control_knob_top":16,"control_type":"Absolute","control_type_first":1,"control_type_last":127,"control_type_reverse_mode":"Off","control_type_takeover_mode":"None","has_child":0,"icon":"fa-power-off","id":20,"level":0,"name":"Knob 19","parent_id":0,"type":{"color":"#969696","has_child":0,"icon":"fa-power-off","id":1,"parent":null,"type":"Knob"},"errors":""},{"MIDI_channel":1,"MIDI_type":"CC","MIDI_value":30,"control_knob_align_to":"left","control_knob_left":22,"control_knob_radius":4,"control_knob_top":16,"control_type":"Absolute","control_type_first":1,"control_type_last":127,"control_type_reverse_mode":"Off","control_type_takeover_mode":"None","has_child":0,"icon":"fa-power-off","id":21,"level":0,"name":"Knob 20","parent_id":0,"type":{"color":"#969696","has_child":0,"icon":"fa-power-off","id":1,"parent":null,"type":"Knob"},"errors":""},{"MIDI_channel":1,"MIDI_type":"CC","MIDI_value":48,"control_knob_align_to":"left","control_knob_left":28,"control_knob_radius":4,"control_knob_top":16,"control_type":"Absolute","control_type_first":1,"control_type_last":127,"control_type_reverse_mode":"Off","control_type_takeover_mode":"None","has_child":0,"icon":"fa-power-off","id":22,"level":0,"name":"Knob 21","parent_id":0,"type":{"color":"#969696","has_child":0,"icon":"fa-power-off","id":1,"parent":null,"type":"Knob"},"errors":""},{"MIDI_channel":1,"MIDI_type":"CC","MIDI_value":52,"control_knob_align_to":"left","control_knob_left":34,"control_knob_radius":4,"control_knob_top":16,"control_type":"Absolute","control_type_first":1,"control_type_last":127,"control_type_reverse_mode":"Off","control_type_takeover_mode":"None","has_child":0,"icon":"fa-power-off","id":23,"level":0,"name":"Knob 22","parent_id":0,"type":{"color":"#969696","has_child":0,"icon":"fa-power-off","id":1,"parent":null,"type":"Knob"},"errors":""},{"MIDI_channel":1,"MIDI_type":"CC","MIDI_value":56,"control_knob_align_to":"left","control_knob_left":40,"control_knob_radius":4,"control_knob_top":16,"control_type":"Absolute","control_type_first":1,"control_type_last":127,"control_type_reverse_mode":"Off","control_type_takeover_mode":"None","has_child":0,"icon":"fa-power-off","id":24,"level":0,"name":"Knob 23","parent_id":0,"type":{"color":"#969696","has_child":0,"icon":"fa-power-off","id":1,"parent":null,"type":"Knob"},"errors":""},{"MIDI_channel":1,"MIDI_type":"CC","MIDI_value":60,"control_knob_align_to":"left","control_knob_left":46,"control_knob_radius":4,"control_knob_top":16,"control_type":"Absolute","control_type_first":1,"control_type_last":127,"control_type_reverse_mode":"Off","control_type_takeover_mode":"None","has_child":0,"icon":"fa-power-off","id":25,"level":0,"name":"Knob 24","parent_id":0,"type":{"color":"#969696","has_child":0,"icon":"fa-power-off","id":1,"parent":null,"type":"Knob"},"errors":""},{"MIDI_channel":1,"MIDI_type":"Note","MIDI_value":25,"button_status":1,"control_button_align_to":"left","control_button_height":2,"control_button_left":53,"control_button_radius":4,"control_button_shape":"Square","control_button_top":11,"control_button_width":4,"control_type":"On\/Off","control_type_off":0,"control_type_on":127,"control_type_switch":"Momentary","control_type_takeover_mode":"None","has_child":0,"icon":"fa-dice-one","id":27,"level":0,"name":"Button 2","parent_id":0,"type":{"color":"#ffffff","has_child":0,"icon":"fa-dice-one","id":7,"parent":null,"type":"Button"},"errors":""},{"MIDI_channel":1,"MIDI_type":"Note","MIDI_value":26,"button_status":1,"control_button_align_to":"left","control_button_height":2,"control_button_left":53,"control_button_radius":4,"control_button_shape":"Square","control_button_top":17,"control_button_width":4,"control_type":"On\/Off","control_type_off":0,"control_type_on":127,"control_type_switch":"Momentary","control_type_takeover_mode":"None","has_child":0,"icon":"fa-dice-one","id":28,"level":0,"name":"Button 3","parent_id":0,"type":{"color":"#ffffff","has_child":0,"icon":"fa-dice-one","id":7,"parent":null,"type":"Button"},"errors":""},{"MIDI_channel":1,"MIDI_type":"Note","MIDI_value":1,"button_status":-1,"control_button_align_to":"left","control_button_height":2,"control_button_left":4,"control_button_radius":4,"control_button_shape":"Square","control_button_top":23,"control_button_width":4,"control_type":"On\/Off","control_type_off":0,"control_type_on":127,"control_type_switch":"Momentary","control_type_takeover_mode":"None","has_child":0,"icon":"fa-dice-one","id":29,"level":0,"name":"Button 4","parent_id":0,"type":{"color":"#ffffff","has_child":0,"icon":"fa-dice-one","id":7,"parent":null,"type":"Button"},"errors":""},{"MIDI_channel":1,"MIDI_type":"Note","MIDI_value":4,"button_status":1,"control_button_align_to":"left","control_button_height":2,"control_button_left":10,"control_button_radius":4,"control_button_shape":"Square","control_button_top":23,"control_button_width":4,"control_type":"On\/Off","control_type_off":0,"control_type_on":127,"control_type_switch":"Momentary","control_type_takeover_mode":"None","has_child":0,"icon":"fa-dice-one","id":30,"level":0,"name":"Button 5","parent_id":0,"type":{"color":"#ffffff","has_child":0,"icon":"fa-dice-one","id":7,"parent":null,"type":"Button"},"errors":""},{"MIDI_channel":1,"MIDI_type":"Note","MIDI_value":7,"button_status":1,"control_button_align_to":"left","control_button_height":2,"control_button_left":16,"control_button_radius":4,"control_button_shape":"Square","control_button_top":23,"control_button_width":4,"control_type":"On\/Off","control_type_off":0,"control_type_on":127,"control_type_switch":"Momentary","control_type_takeover_mode":"None","has_child":0,"icon":"fa-dice-one","id":31,"level":0,"name":"Button 6","parent_id":0,"type":{"color":"#ffffff","has_child":0,"icon":"fa-dice-one","id":7,"parent":null,"type":"Button"},"errors":""},{"MIDI_channel":1,"MIDI_type":"Note","MIDI_value":10,"button_status":-1,"control_button_align_to":"left","control_button_height":2,"control_button_left":22,"control_button_radius":4,"control_button_shape":"Square","control_button_top":23,"control_button_width":4,"control_type":"On\/Off","control_type_off":0,"control_type_on":127,"control_type_switch":"Momentary","control_type_takeover_mode":"None","has_child":0,"icon":"fa-dice-one","id":32,"level":0,"name":"Button 7","parent_id":0,"type":{"color":"#ffffff","has_child":0,"icon":"fa-dice-one","id":7,"parent":null,"type":"Button"},"errors":""},{"MIDI_channel":1,"MIDI_type":"Note","MIDI_value":13,"button_status":1,"control_button_align_to":"left","control_button_height":2,"control_button_left":28,"control_button_radius":4,"control_button_shape":"Square","control_button_top":23,"control_button_width":4,"control_type":"On\/Off","control_type_off":0,"control_type_on":127,"control_type_switch":"Momentary","control_type_takeover_mode":"None","has_child":0,"icon":"fa-dice-one","id":33,"level":0,"name":"Button 8","parent_id":0,"type":{"color":"#ffffff","has_child":0,"icon":"fa-dice-one","id":7,"parent":null,"type":"Button"},"errors":""},{"MIDI_channel":1,"MIDI_type":"Note","MIDI_value":16,"button_status":1,"control_button_align_to":"left","control_button_height":2,"control_button_left":34,"control_button_radius":4,"control_button_shape":"Square","control_button_top":23,"control_button_width":4,"control_type":"On\/Off","control_type_off":0,"control_type_on":127,"control_type_switch":"Momentary","control_type_takeover_mode":"None","has_child":0,"icon":"fa-dice-one","id":34,"level":0,"name":"Button 9","parent_id":0,"type":{"color":"#ffffff","has_child":0,"icon":"fa-dice-one","id":7,"parent":null,"type":"Button"},"errors":""},{"MIDI_channel":1,"MIDI_type":"Note","MIDI_value":19,"button_status":1,"control_button_align_to":"left","control_button_height":2,"control_button_left":40,"control_button_radius":4,"control_button_shape":"Square","control_button_top":23,"control_button_width":4,"control_type":"On\/Off","control_type_off":0,"control_type_on":127,"control_type_switch":"Momentary","control_type_takeover_mode":"None","has_child":0,"icon":"fa-dice-one","id":35,"level":0,"name":"Button 10","parent_id":0,"type":{"color":"#ffffff","has_child":0,"icon":"fa-dice-one","id":7,"parent":null,"type":"Button"},"errors":""},{"MIDI_channel":1,"MIDI_type":"Note","MIDI_value":22,"button_status":1,"control_button_align_to":"left","control_button_height":2,"control_button_left":46,"control_button_radius":4,"control_button_shape":"Square","control_button_top":23,"control_button_width":4,"control_type":"On\/Off","control_type_off":0,"control_type_on":127,"control_type_switch":"Momentary","control_type_takeover_mode":"None","has_child":0,"icon":"fa-dice-one","id":36,"level":0,"name":"Button 11","parent_id":0,"type":{"color":"#ffffff","has_child":0,"icon":"fa-dice-one","id":7,"parent":null,"type":"Button"},"errors":""},{"MIDI_channel":1,"MIDI_type":"Note","MIDI_value":27,"button_status":1,"control_button_align_to":"left","control_button_height":2,"control_button_left":53,"control_button_radius":4,"control_button_shape":"Square","control_button_top":23,"control_button_width":4,"control_type":"On\/Off","control_type_off":0,"control_type_on":127,"control_type_switch":"Momentary","control_type_takeover_mode":"None","has_child":0,"icon":"fa-dice-one","id":37,"level":0,"name":"Button 12","parent_id":0,"type":{"color":"#ffffff","has_child":0,"icon":"fa-dice-one","id":7,"parent":null,"type":"Button"},"errors":""},{"MIDI_channel":1,"MIDI_type":"Note","MIDI_value":3,"button_status":1,"control_button_align_to":"left","control_button_height":2,"control_button_left":4,"control_button_radius":4,"control_button_shape":"Square","control_button_top":27,"control_button_width":4,"control_type":"On\/Off","control_type_off":0,"control_type_on":127,"control_type_switch":"Momentary","control_type_takeover_mode":"None","has_child":0,"icon":"fa-dice-one","id":38,"level":0,"name":"Button 13","parent_id":0,"type":{"color":"#ffffff","has_child":0,"icon":"fa-dice-one","id":7,"parent":null,"type":"Button"},"errors":""},{"MIDI_channel":1,"MIDI_type":"Note","MIDI_value":6,"button_status":-1,"control_button_align_to":"left","control_button_height":2,"control_button_left":10,"control_button_radius":4,"control_button_shape":"Square","control_button_top":27,"control_button_width":4,"control_type":"On\/Off","control_type_off":0,"control_type_on":127,"control_type_switch":"Momentary","control_type_takeover_mode":"None","has_child":0,"icon":"fa-dice-one","id":39,"level":0,"name":"Button 14","parent_id":0,"type":{"color":"#ffffff","has_child":0,"icon":"fa-dice-one","id":7,"parent":null,"type":"Button"},"errors":""},{"MIDI_channel":1,"MIDI_type":"Note","MIDI_value":9,"button_status":-1,"control_button_align_to":"left","control_button_height":2,"control_button_left":16,"control_button_radius":4,"control_button_shape":"Square","control_button_top":27,"control_button_width":4,"control_type":"On\/Off","control_type_off":0,"control_type_on":127,"control_type_switch":"Momentary","control_type_takeover_mode":"None","has_child":0,"icon":"fa-dice-one","id":40,"level":0,"name":"Button 15","parent_id":0,"type":{"color":"#ffffff","has_child":0,"icon":"fa-dice-one","id":7,"parent":null,"type":"Button"},"errors":""},{"MIDI_channel":1,"MIDI_type":"Note","MIDI_value":12,"button_status":-1,"control_button_align_to":"left","control_button_height":2,"control_button_left":22,"control_button_radius":4,"control_button_shape":"Square","control_button_top":27,"control_button_width":4,"control_type":"On\/Off","control_type_off":0,"control_type_on":127,"control_type_switch":"Momentary","control_type_takeover_mode":"None","has_child":0,"icon":"fa-dice-one","id":41,"level":0,"name":"Button 16","parent_id":0,"type":{"color":"#ffffff","has_child":0,"icon":"fa-dice-one","id":7,"parent":null,"type":"Button"},"errors":""},{"MIDI_channel":1,"MIDI_type":"Note","MIDI_value":15,"button_status":1,"control_button_align_to":"left","control_button_height":2,"control_button_left":28,"control_button_radius":4,"control_button_shape":"Square","control_button_top":27,"control_button_width":4,"control_type":"On\/Off","control_type_off":0,"control_type_on":127,"control_type_switch":"Momentary","control_type_takeover_mode":"None","has_child":0,"icon":"fa-dice-one","id":42,"level":0,"name":"Button 17","parent_id":0,"type":{"color":"#ffffff","has_child":0,"icon":"fa-dice-one","id":7,"parent":null,"type":"Button"},"errors":""},{"MIDI_channel":1,"MIDI_type":"Note","MIDI_value":18,"button_status":1,"control_button_align_to":"left","control_button_height":2,"control_button_left":34,"control_button_radius":4,"control_button_shape":"Square","control_button_top":27,"control_button_width":4,"control_type":"On\/Off","control_type_off":0,"control_type_on":127,"control_type_switch":"Momentary","control_type_takeover_mode":"None","has_child":0,"icon":"fa-dice-one","id":43,"level":0,"name":"Button 18","parent_id":0,"type":{"color":"#ffffff","has_child":0,"icon":"fa-dice-one","id":7,"parent":null,"type":"Button"},"errors":""},{"MIDI_channel":1,"MIDI_type":"Note","MIDI_value":21,"button_status":1,"control_button_align_to":"left","control_button_height":2,"control_button_left":40,"control_button_radius":4,"control_button_shape":"Square","control_button_top":27,"control_button_width":4,"control_type":"On\/Off","control_type_off":0,"control_type_on":127,"control_type_switch":"Momentary","control_type_takeover_mode":"None","has_child":0,"icon":"fa-dice-one","id":44,"level":0,"name":"Button 19","parent_id":0,"type":{"color":"#ffffff","has_child":0,"icon":"fa-dice-one","id":7,"parent":null,"type":"Button"},"errors":""},{"MIDI_channel":1,"MIDI_type":"Note","MIDI_value":24,"button_status":1,"control_button_align_to":"left","control_button_height":2,"control_button_left":46,"control_button_radius":4,"control_button_shape":"Square","control_button_top":27,"control_button_width":4,"control_type":"On\/Off","control_type_off":0,"control_type_on":127,"control_type_switch":"Momentary","control_type_takeover_mode":"None","has_child":0,"icon":"fa-dice-one","id":45,"level":0,"name":"Button 20","parent_id":0,"type":{"color":"#ffffff","has_child":0,"icon":"fa-dice-one","id":7,"parent":null,"type":"Button"},"errors":""},{"MIDI_channel":1,"MIDI_type":"CC","MIDI_value":19,"control_type":"Absolute","control_type_first":"0","control_type_last":127,"control_type_reverse_mode":"Off","control_type_takeover_mode":"None","has_child":0,"height":12,"icon":"fa-arrows-alt-v","id":46,"left":5,"level":0,"name":"Slider 1","parent_id":0,"top":31,"type":{"color":"#f30600","has_child":0,"icon":"fa-arrows-alt-v","id":3,"parent":null,"type":"Slider"},"value":39,"width":2,"errors":""},{"MIDI_channel":1,"MIDI_type":"CC","MIDI_value":23,"control_type":"Absolute","control_type_first":"0","control_type_last":127,"control_type_reverse_mode":"Off","control_type_takeover_mode":"None","has_child":0,"height":12,"icon":"fa-arrows-alt-v","id":47,"left":11,"level":0,"name":"Slider 2","parent_id":0,"top":31,"type":{"color":"#f30600","has_child":0,"icon":"fa-arrows-alt-v","id":3,"parent":null,"type":"Slider"},"value":18,"width":2,"errors":""},{"MIDI_channel":1,"MIDI_type":"CC","MIDI_value":27,"control_type":"Absolute","control_type_first":"0","control_type_last":127,"control_type_reverse_mode":"Off","control_type_takeover_mode":"None","has_child":0,"height":12,"icon":"fa-arrows-alt-v","id":48,"left":17,"level":0,"name":"Slider 3","parent_id":0,"top":31,"type":{"color":"#f30600","has_child":0,"icon":"fa-arrows-alt-v","id":3,"parent":null,"type":"Slider"},"value":10,"width":2,"errors":""},{"MIDI_channel":1,"MIDI_type":"CC","MIDI_value":31,"control_type":"Absolute","control_type_first":"0","control_type_last":127,"control_type_reverse_mode":"Off","control_type_takeover_mode":"None","has_child":0,"height":12,"icon":"fa-arrows-alt-v","id":49,"left":23,"level":0,"name":"Slider 4","parent_id":0,"top":31,"type":{"color":"#f30600","has_child":0,"icon":"fa-arrows-alt-v","id":3,"parent":null,"type":"Slider"},"value":24,"width":2,"errors":""},{"MIDI_channel":1,"MIDI_type":"CC","MIDI_value":49,"control_type":"Absolute","control_type_first":"0","control_type_last":127,"control_type_reverse_mode":"Off","control_type_takeover_mode":"None","has_child":0,"height":12,"icon":"fa-arrows-alt-v","id":50,"left":29,"level":0,"name":"Slider 5","parent_id":0,"top":31,"type":{"color":"#f30600","has_child":0,"icon":"fa-arrows-alt-v","id":3,"parent":null,"type":"Slider"},"value":23,"width":2,"errors":""},{"MIDI_channel":1,"MIDI_type":"CC","MIDI_value":53,"control_type":"Absolute","control_type_first":"0","control_type_last":127,"control_type_reverse_mode":"Off","control_type_takeover_mode":"None","has_child":0,"height":12,"icon":"fa-arrows-alt-v","id":51,"left":35,"level":0,"name":"Slider 6","parent_id":0,"top":31,"type":{"color":"#f30600","has_child":0,"icon":"fa-arrows-alt-v","id":3,"parent":null,"type":"Slider"},"value":11,"width":2,"errors":""},{"MIDI_channel":1,"MIDI_type":"CC","MIDI_value":57,"control_type":"Absolute","control_type_first":"0","control_type_last":127,"control_type_reverse_mode":"Off","control_type_takeover_mode":"None","has_child":0,"height":12,"icon":"fa-arrows-alt-v","id":52,"left":41,"level":0,"name":"Slider 7","parent_id":0,"top":31,"type":{"color":"#f30600","has_child":0,"icon":"fa-arrows-alt-v","id":3,"parent":null,"type":"Slider"},"width":2,"errors":""},{"MIDI_channel":1,"MIDI_type":"CC","MIDI_value":61,"control_type":"Absolute","control_type_first":"0","control_type_last":127,"control_type_reverse_mode":"Off","control_type_takeover_mode":"None","has_child":0,"height":12,"icon":"fa-arrows-alt-v","id":53,"left":47,"level":0,"name":"Slider 8","parent_id":0,"top":31,"type":{"color":"#f30600","has_child":0,"icon":"fa-arrows-alt-v","id":3,"parent":null,"type":"Slider"},"width":2,"errors":""},{"MIDI_channel":1,"MIDI_type":"CC","MIDI_value":62,"control_type":"Absolute","control_type_first":"0","control_type_last":127,"control_type_reverse_mode":"Off","control_type_takeover_mode":"None","has_child":0,"height":12,"icon":"fa-arrows-alt-v","id":54,"left":54,"level":0,"name":"Slider 9","parent_id":0,"top":31,"type":{"color":"#f30600","has_child":0,"icon":"fa-arrows-alt-v","id":3,"parent":null,"type":"Slider"},"width":2,"errors":""},{"level":1,"has_child":0,"id":55,"name":"Text 55","type":{"id":10,"type":"Text","parent":null,"has_child":0,"color":"#ffc107","icon":"format_align_center"},"parent_id":0,"icon":"format_align_center","control_text_left":51,"control_text_top":2,"control_text_font_size":32,"control_text_content":"MIDIMIX","control_text_color":"#ffffff","errors":""},{"level":1,"has_child":0,"id":56,"name":"Button 56","type":{"id":7,"type":"Button","parent":null,"has_child":0,"color":"#ff4081","icon":"trip_origin"},"parent_id":0,"icon":"trip_origin","control_button_left":4,"control_button_top":25,"control_button_width":4,"control_button_height":1,"control_button_shape":"Square","control_button_radius":4,"control_button_align_to":"left","MIDI_type":"Note","MIDI_channel":1,"MIDI_value":2,"control_type":"On\/Off","control_type_on":127,"control_type_off":0,"control_type_switch":"Momentary","errors":""},{"level":1,"has_child":0,"id":57,"name":"Button 57","type":{"id":7,"type":"Button","parent":null,"has_child":0,"color":"#ff4081","icon":"trip_origin"},"parent_id":0,"icon":"trip_origin","control_button_left":10,"control_button_top":25,"control_button_width":4,"control_button_height":1,"control_button_shape":"Square","control_button_radius":4,"control_button_align_to":"left","MIDI_type":"Note","MIDI_channel":1,"MIDI_value":5,"control_type":"On\/Off","control_type_on":127,"control_type_off":0,"control_type_switch":"Momentary","errors":""},{"level":1,"has_child":0,"id":58,"name":"Button 58","type":{"id":7,"type":"Button","parent":null,"has_child":0,"color":"#ff4081","icon":"trip_origin"},"parent_id":0,"icon":"trip_origin","control_button_left":16,"control_button_top":25,"control_button_width":4,"control_button_height":1,"control_button_shape":"Square","control_button_radius":4,"control_button_align_to":"left","MIDI_type":"Note","MIDI_channel":1,"MIDI_value":8,"control_type":"On\/Off","control_type_on":127,"control_type_off":0,"control_type_switch":"Momentary","errors":""},{"level":1,"has_child":0,"id":59,"name":"Button 59","type":{"id":7,"type":"Button","parent":null,"has_child":0,"color":"#ff4081","icon":"trip_origin"},"parent_id":0,"icon":"trip_origin","control_button_left":22,"control_button_top":25,"control_button_width":4,"control_button_height":1,"control_button_shape":"Square","control_button_radius":4,"control_button_align_to":"left","MIDI_type":"Note","MIDI_channel":1,"MIDI_value":11,"control_type":"On\/Off","control_type_on":127,"control_type_off":0,"control_type_switch":"Momentary","errors":""},{"level":1,"has_child":0,"id":60,"name":"Button 60","type":{"id":7,"type":"Button","parent":null,"has_child":0,"color":"#ff4081","icon":"trip_origin"},"parent_id":0,"icon":"trip_origin","control_button_left":28,"control_button_top":25,"control_button_width":4,"control_button_height":1,"control_button_shape":"Square","control_button_radius":4,"control_button_align_to":"left","MIDI_type":"Note","MIDI_channel":1,"MIDI_value":14,"control_type":"On\/Off","control_type_on":127,"control_type_off":0,"control_type_switch":"Momentary","errors":""},{"level":1,"has_child":0,"id":61,"name":"Button 61","type":{"id":7,"type":"Button","parent":null,"has_child":0,"color":"#ff4081","icon":"trip_origin"},"parent_id":0,"icon":"trip_origin","control_button_left":34,"control_button_top":25,"control_button_width":4,"control_button_height":1,"control_button_shape":"Square","control_button_radius":4,"control_button_align_to":"left","MIDI_type":"Note","MIDI_channel":1,"MIDI_value":17,"control_type":"On\/Off","control_type_on":127,"control_type_off":0,"control_type_switch":"Momentary","errors":""},{"level":1,"has_child":0,"id":62,"name":"Button 62","type":{"id":7,"type":"Button","parent":null,"has_child":0,"color":"#ff4081","icon":"trip_origin"},"parent_id":0,"icon":"trip_origin","control_button_left":40,"control_button_top":25,"control_button_width":4,"control_button_height":1,"control_button_shape":"Square","control_button_radius":4,"control_button_align_to":"left","MIDI_type":"Note","MIDI_channel":1,"MIDI_value":20,"control_type":"On\/Off","control_type_on":127,"control_type_off":0,"control_type_switch":"Momentary","errors":""},{"level":1,"has_child":0,"id":63,"name":"Button 63","type":{"id":7,"type":"Button","parent":null,"has_child":0,"color":"#ff4081","icon":"trip_origin"},"parent_id":0,"icon":"trip_origin","control_button_left":46,"control_button_top":25,"control_button_width":4,"control_button_height":1,"control_button_shape":"Square","control_button_radius":4,"control_button_align_to":"left","MIDI_type":"Note","MIDI_channel":1,"MIDI_value":23,"control_type":"On\/Off","control_type_on":127,"control_type_off":0,"control_type_switch":"Momentary","errors":""}]