[{"id":0,"type":"script","device_selection_follows_track_selection":true,"global_feedback":"default","global_feedback_active":"False","global_LED_on":127,"global_LED_off":0,"name":"midi mix mod","script_id":1,"script_attach_id":31330,"modifiers":[{"id":"m1","name":"m1","tokenisedCode":"self.get_modifier_value(\"m1\")","initialValue":0,"cat":"modifier","valueType":"all"},{"id":"m2","name":"m2","tokenisedCode":"self.get_modifier_value(\"m2\")","initialValue":0,"cat":"modifier","valueType":"all"},{"id":"m3","name":"m3","tokenisedCode":"self.get_modifier_value(\"m3\")","initialValue":0,"cat":"modifier","valueType":"all"},{"id":"m4","name":"m4","tokenisedCode":"self.get_modifier_value(\"m4\")","initialValue":0,"cat":"modifier","valueType":"all"},{"id":"m5","name":"m5","tokenisedCode":"self.get_modifier_value(\"m5\")","initialValue":0,"cat":"modifier","valueType":"all"},{"id":"m6","name":"m6","tokenisedCode":"self.get_modifier_value(\"m6\")","initialValue":0,"cat":"modifier","valueType":"all"},{"id":"m7","name":"m7","tokenisedCode":"self.get_modifier_value(\"m7\")","initialValue":0,"cat":"modifier","valueType":"all"},{"id":"m8","name":"m8","tokenisedCode":"self.get_modifier_value(\"m8\")","initialValue":0,"cat":"modifier","valueType":"all"},{"id":"m9","name":"m9","tokenisedCode":"self.get_modifier_value(\"m9\")","initialValue":0,"cat":"modifier","valueType":"all"},{"id":"m10","name":"m10","tokenisedCode":"self.get_modifier_value(\"m10\")","initialValue":0,"cat":"modifier","valueType":"all"},{"id":"m11","name":"m11","tokenisedCode":"self.get_modifier_value(\"m11\")","initialValue":0,"cat":"modifier","valueType":"all"},{"id":"m12","name":"m12","tokenisedCode":"self.get_modifier_value(\"m12\")","initialValue":0,"cat":"modifier","valueType":"all"},{"id":"m13","name":"m13","tokenisedCode":"self.get_modifier_value(\"m13\")","initialValue":0,"cat":"modifier","valueType":"all"},{"id":"m14","name":"m14","tokenisedCode":"self.get_modifier_value(\"m14\")","initialValue":0,"cat":"modifier","valueType":"all"},{"id":"m15","name":"m15","tokenisedCode":"self.get_modifier_value(\"m15\")","initialValue":0,"cat":"modifier","valueType":"all"},{"id":"m16","name":"m16","tokenisedCode":"self.get_modifier_value(\"m16\")","initialValue":0,"cat":"modifier","valueType":"all"},{"id":"m17","name":"m17","tokenisedCode":"self.get_modifier_value(\"m17\")","initialValue":0,"cat":"modifier","valueType":"all"},{"id":"m18","name":"m18","tokenisedCode":"self.get_modifier_value(\"m18\")","initialValue":0,"cat":"modifier","valueType":"all"},{"id":"m19","name":"m19","tokenisedCode":"self.get_modifier_value(\"m19\")","initialValue":0,"cat":"modifier","valueType":"all"},{"id":"m20","name":"m20","tokenisedCode":"self.get_modifier_value(\"m20\")","initialValue":0,"cat":"modifier","valueType":"all"}],"lists":[{"id":"list1","name":"list1","tokenisedCode":"self.get_list(\"list1\")","initialValue":"[]","cat":"custom list","valueType":"list"},{"id":"list2","name":"list2","tokenisedCode":"self.get_list(\"list2\")","initialValue":"[]","cat":"custom list","valueType":"list"},{"id":"list3","name":"list3","tokenisedCode":"self.get_list(\"list3\")","initialValue":"[]","cat":"custom list","valueType":"list"},{"id":"list4","name":"list4","tokenisedCode":"self.get_list(\"list4\")","initialValue":"[]","cat":"custom list","valueType":"list"},{"id":"list5","name":"list5","tokenisedCode":"self.get_list(\"list5\")","initialValue":"[]","cat":"custom list","valueType":"list"},{"id":"list6","name":"list6","tokenisedCode":"self.get_list(\"list6\")","initialValue":"[]","cat":"custom list","valueType":"list"},{"id":"list7","name":"list7","tokenisedCode":"self.get_list(\"list7\")","initialValue":"[]","cat":"custom list","valueType":"list"},{"id":"list8","name":"list8","tokenisedCode":"self.get_list(\"list8\")","initialValue":"[]","cat":"custom list","valueType":"list"},{"id":"list9","name":"list9","tokenisedCode":"self.get_list(\"list9\")","initialValue":"[]","cat":"custom list","valueType":"list"},{"id":"list10","name":"list10","tokenisedCode":"self.get_list(\"list10\")","initialValue":"[]","cat":"custom list","valueType":"list"}],"errors":"","allChips":[],"python_version":"3"},{"type":{"id":26,"name":"Track Volume","type":"Volume","parent":25,"has_child":0,"level":2,"icon":"volume_up"},"chips":[],"controller_input_id":46,"name":"Vol1","mode_id":1,"minimum":0,"maximum":85,"track_type":"track","track_include_folded":true,"track_number":1,"track_relative_to_session":true,"snap_to":"True","LED_mapping_type_needs_feedback":true,"LED_feedback":"default","LED_feedback_active":true,"LED_on":127,"LED_off":0,"LED_send_feedback_to_selected":["Controller input"],"control":"default","control_type":"Absolute","control_type_takeover_mode":"None","control_type_on":127,"control_type_off":0,"control_type_first":0,"control_type_last":127,"control_type_reverse_mode":"False","control_type_left":0,"control_type_right":127,"control_type_steps":1,"control_type_switch":"Momentary","control_type_delay_amount":0.5,"id":44,"get_mode_name":"mode 1","get_controller_name":"Slider 1","get_type_name":"Volume","errors":""},{"type":{"id":26,"name":"Track Volume","type":"Volume","parent":25,"has_child":0,"level":2,"icon":"volume_up"},"chips":[],"controller_input_id":47,"name":"Vol2","mode_id":1,"minimum":0,"maximum":85,"track_type":"track","track_include_folded":true,"track_number":2,"track_relative_to_session":true,"snap_to":"True","LED_mapping_type_needs_feedback":true,"LED_feedback":"default","LED_feedback_active":true,"LED_on":127,"LED_off":0,"LED_send_feedback_to_selected":["Controller input"],"control":"default","control_type":"Absolute","control_type_takeover_mode":"None","control_type_on":127,"control_type_off":0,"control_type_first":0,"control_type_last":127,"control_type_reverse_mode":"False","control_type_left":0,"control_type_right":127,"control_type_steps":1,"control_type_switch":"Momentary","control_type_delay_amount":0.5,"id":51,"get_mode_name":"mode 1","get_controller_name":"Slider 2","get_type_name":"Volume","errors":""},{"type":{"id":26,"name":"Track Volume","type":"Volume","parent":25,"has_child":0,"level":2,"icon":"volume_up"},"chips":[],"controller_input_id":48,"name":"Vol3","mode_id":1,"minimum":0,"maximum":85,"track_type":"track","track_include_folded":true,"track_number":3,"track_relative_to_session":true,"snap_to":"True","LED_mapping_type_needs_feedback":true,"LED_feedback":"default","LED_feedback_active":true,"LED_on":127,"LED_off":0,"LED_send_feedback_to_selected":["Controller input"],"control":"default","control_type":"Absolute","control_type_takeover_mode":"None","control_type_on":127,"control_type_off":0,"control_type_first":0,"control_type_last":127,"control_type_reverse_mode":"False","control_type_left":0,"control_type_right":127,"control_type_steps":1,"control_type_switch":"Momentary","control_type_delay_amount":0.5,"id":50,"get_mode_name":"mode 1","get_controller_name":"Slider 3","get_type_name":"Volume","errors":""},{"type":{"id":26,"name":"Track Volume","type":"Volume","parent":25,"has_child":0,"level":2,"icon":"volume_up"},"chips":[],"controller_input_id":49,"name":"Vol4","mode_id":1,"minimum":0,"maximum":85,"track_type":"track","track_include_folded":true,"track_number":4,"track_relative_to_session":true,"snap_to":"True","LED_mapping_type_needs_feedback":true,"LED_feedback":"default","LED_feedback_active":true,"LED_on":127,"LED_off":0,"LED_send_feedback_to_selected":["Controller input"],"control":"default","control_type":"Absolute","control_type_takeover_mode":"None","control_type_on":127,"control_type_off":0,"control_type_first":0,"control_type_last":127,"control_type_reverse_mode":"False","control_type_left":0,"control_type_right":127,"control_type_steps":1,"control_type_switch":"Momentary","control_type_delay_amount":0.5,"id":49,"get_mode_name":"mode 1","get_controller_name":"Slider 4","get_type_name":"Volume","errors":""},{"type":{"id":26,"name":"Track Volume","type":"Volume","parent":25,"has_child":0,"level":2,"icon":"volume_up"},"chips":[],"controller_input_id":50,"name":"Vol5","mode_id":1,"minimum":0,"maximum":85,"track_type":"track","track_include_folded":true,"track_number":5,"track_relative_to_session":true,"snap_to":"True","LED_mapping_type_needs_feedback":true,"LED_feedback":"default","LED_feedback_active":true,"LED_on":127,"LED_off":0,"LED_send_feedback_to_selected":["Controller input"],"control":"default","control_type":"Absolute","control_type_takeover_mode":"None","control_type_on":127,"control_type_off":0,"control_type_first":0,"control_type_last":127,"control_type_reverse_mode":"False","control_type_left":0,"control_type_right":127,"control_type_steps":1,"control_type_switch":"Momentary","control_type_delay_amount":0.5,"id":48,"get_mode_name":"mode 1","get_controller_name":"Slider 5","get_type_name":"Volume","errors":""},{"type":{"id":26,"name":"Track Volume","type":"Volume","parent":25,"has_child":0,"level":2,"icon":"volume_up"},"chips":[],"controller_input_id":51,"name":"Vol6","mode_id":1,"minimum":0,"maximum":85,"track_type":"track","track_include_folded":true,"track_number":6,"track_relative_to_session":true,"snap_to":"True","LED_mapping_type_needs_feedback":true,"LED_feedback":"default","LED_feedback_active":true,"LED_on":127,"LED_off":0,"LED_send_feedback_to_selected":["Controller input"],"control":"default","control_type":"Absolute","control_type_takeover_mode":"None","control_type_on":127,"control_type_off":0,"control_type_first":0,"control_type_last":127,"control_type_reverse_mode":"False","control_type_left":0,"control_type_right":127,"control_type_steps":1,"control_type_switch":"Momentary","control_type_delay_amount":0.5,"id":47,"get_mode_name":"mode 1","get_controller_name":"Slider 6","get_type_name":"Volume","errors":""},{"type":{"id":26,"name":"Track Volume","type":"Volume","parent":25,"has_child":0,"level":2,"icon":"volume_up"},"chips":[],"controller_input_id":52,"name":"Vol7","mode_id":1,"minimum":0,"maximum":85,"track_type":"track","track_include_folded":true,"track_number":17,"track_relative_to_session":true,"snap_to":"True","LED_mapping_type_needs_feedback":true,"LED_feedback":"default","LED_feedback_active":true,"LED_on":127,"LED_off":0,"LED_send_feedback_to_selected":["Controller input"],"control":"default","control_type":"Absolute","control_type_takeover_mode":"None","control_type_on":127,"control_type_off":0,"control_type_first":0,"control_type_last":127,"control_type_reverse_mode":"False","control_type_left":0,"control_type_right":127,"control_type_steps":1,"control_type_switch":"Momentary","control_type_delay_amount":0.5,"id":46,"get_mode_name":"mode 1","get_controller_name":"Slider 7","get_type_name":"Volume","errors":""},{"type":{"id":26,"name":"Track Volume","type":"Volume","parent":25,"has_child":0,"level":2,"icon":"volume_up"},"chips":[],"controller_input_id":53,"name":"Vol8","mode_id":1,"minimum":0,"maximum":85,"track_type":"track","track_include_folded":true,"track_number":8,"track_relative_to_session":true,"snap_to":"True","LED_mapping_type_needs_feedback":true,"LED_feedback":"default","LED_feedback_active":true,"LED_on":127,"LED_off":0,"LED_send_feedback_to_selected":["Controller input"],"control":"default","control_type":"Absolute","control_type_takeover_mode":"None","control_type_on":127,"control_type_off":0,"control_type_first":0,"control_type_last":127,"control_type_reverse_mode":"False","control_type_left":0,"control_type_right":127,"control_type_steps":1,"control_type_switch":"Momentary","control_type_delay_amount":0.5,"id":45,"get_mode_name":"mode 1","get_controller_name":"Slider 8","get_type_name":"Volume","errors":""},{"type":{"id":26,"name":"Track Volume","type":"Volume","parent":25,"has_child":0,"level":2,"icon":"volume_up"},"chips":[],"controller_input_id":54,"name":"Vol Master","mode_id":1,"minimum":0,"maximum":85,"track_type":"master","track_include_folded":true,"track_number":8,"track_relative_to_session":true,"snap_to":"True","LED_mapping_type_needs_feedback":true,"LED_feedback":"default","LED_feedback_active":true,"LED_on":127,"LED_off":0,"LED_send_feedback_to_selected":["Controller input"],"control":"default","control_type":"Absolute","control_type_takeover_mode":"None","control_type_on":127,"control_type_off":0,"control_type_first":0,"control_type_last":127,"control_type_reverse_mode":"False","control_type_left":0,"control_type_right":127,"control_type_steps":1,"control_type_switch":"Momentary","control_type_delay_amount":0.5,"id":52,"get_mode_name":"mode 1","get_controller_name":"Slider 9","get_type_name":"Volume","errors":""},{"type":{"id":29,"name":"Track Solo","type":"Solo","parent":25,"has_child":0,"level":2,"icon":"gps_fixed"},"chips":[],"controller_input_id":56,"name":"Solo 1","mode_id":1,"track_type":"track","track_include_folded":true,"track_number":1,"track_relative_to_session":true,"LED_mapping_type_needs_feedback":true,"LED_feedback":"default","LED_feedback_active":true,"LED_on":127,"LED_off":0,"LED_send_feedback_to_selected":["Controller input"],"control":"default","control_type":"Absolute","control_type_takeover_mode":"None","control_type_on":127,"control_type_off":0,"control_type_first":0,"control_type_last":127,"control_type_reverse_mode":"False","control_type_left":0,"control_type_right":127,"control_type_steps":1,"control_type_switch":"Momentary","control_type_delay_amount":0.5,"id":29,"get_mode_name":"mode 1","get_controller_name":"Button 56","get_type_name":"Solo","errors":""},{"type":{"id":29,"name":"Track Solo","type":"Solo","parent":25,"has_child":0,"level":2,"icon":"gps_fixed"},"chips":[],"controller_input_id":57,"name":"Solo 2","mode_id":1,"track_type":"track","track_include_folded":true,"track_number":2,"track_relative_to_session":true,"LED_mapping_type_needs_feedback":true,"LED_feedback":"default","LED_feedback_active":true,"LED_on":127,"LED_off":0,"LED_send_feedback_to_selected":["Controller input"],"control":"default","control_type":"Absolute","control_type_takeover_mode":"None","control_type_on":127,"control_type_off":0,"control_type_first":0,"control_type_last":127,"control_type_reverse_mode":"False","control_type_left":0,"control_type_right":127,"control_type_steps":1,"control_type_switch":"Momentary","control_type_delay_amount":0.5,"id":36,"get_mode_name":"mode 1","get_controller_name":"Button 57","get_type_name":"Solo","errors":""},{"type":{"id":29,"name":"Track Solo","type":"Solo","parent":25,"has_child":0,"level":2,"icon":"gps_fixed"},"chips":[],"controller_input_id":58,"name":"Solo 3","mode_id":1,"track_type":"track","track_include_folded":true,"track_number":3,"track_relative_to_session":true,"LED_mapping_type_needs_feedback":true,"LED_feedback":"default","LED_feedback_active":true,"LED_on":127,"LED_off":0,"LED_send_feedback_to_selected":["Controller input"],"control":"default","control_type":"Absolute","control_type_takeover_mode":"None","control_type_on":127,"control_type_off":0,"control_type_first":0,"control_type_last":127,"control_type_reverse_mode":"False","control_type_left":0,"control_type_right":127,"control_type_steps":1,"control_type_switch":"Momentary","control_type_delay_amount":0.5,"id":35,"get_mode_name":"mode 1","get_controller_name":"Button 58","get_type_name":"Solo","errors":""},{"type":{"id":29,"name":"Track Solo","type":"Solo","parent":25,"has_child":0,"level":2,"icon":"gps_fixed"},"chips":[],"controller_input_id":59,"name":"Solo 4","mode_id":1,"track_type":"track","track_include_folded":true,"track_number":4,"track_relative_to_session":true,"LED_mapping_type_needs_feedback":true,"LED_feedback":"default","LED_feedback_active":true,"LED_on":127,"LED_off":0,"LED_send_feedback_to_selected":["Controller input"],"control":"default","control_type":"Absolute","control_type_takeover_mode":"None","control_type_on":127,"control_type_off":0,"control_type_first":0,"control_type_last":127,"control_type_reverse_mode":"False","control_type_left":0,"control_type_right":127,"control_type_steps":1,"control_type_switch":"Momentary","control_type_delay_amount":0.5,"id":34,"get_mode_name":"mode 1","get_controller_name":"Button 59","get_type_name":"Solo","errors":""},{"type":{"id":29,"name":"Track Solo","type":"Solo","parent":25,"has_child":0,"level":2,"icon":"gps_fixed"},"chips":[],"controller_input_id":60,"name":"Solo 5","mode_id":1,"track_type":"track","track_include_folded":true,"track_number":5,"track_relative_to_session":true,"LED_mapping_type_needs_feedback":true,"LED_feedback":"default","LED_feedback_active":true,"LED_on":127,"LED_off":0,"LED_send_feedback_to_selected":["Controller input"],"control":"default","control_type":"Absolute","control_type_takeover_mode":"None","control_type_on":127,"control_type_off":0,"control_type_first":0,"control_type_last":127,"control_type_reverse_mode":"False","control_type_left":0,"control_type_right":127,"control_type_steps":1,"control_type_switch":"Momentary","control_type_delay_amount":0.5,"id":33,"get_mode_name":"mode 1","get_controller_name":"Button 60","get_type_name":"Solo","errors":""},{"type":{"id":29,"name":"Track Solo","type":"Solo","parent":25,"has_child":0,"level":2,"icon":"gps_fixed"},"chips":[],"controller_input_id":61,"name":"Solo 6","mode_id":1,"track_type":"track","track_include_folded":true,"track_number":6,"track_relative_to_session":true,"LED_mapping_type_needs_feedback":true,"LED_feedback":"default","LED_feedback_active":true,"LED_on":127,"LED_off":0,"LED_send_feedback_to_selected":["Controller input"],"control":"default","control_type":"Absolute","control_type_takeover_mode":"None","control_type_on":127,"control_type_off":0,"control_type_first":0,"control_type_last":127,"control_type_reverse_mode":"False","control_type_left":0,"control_type_right":127,"control_type_steps":1,"control_type_switch":"Momentary","control_type_delay_amount":0.5,"id":32,"get_mode_name":"mode 1","get_controller_name":"Button 61","get_type_name":"Solo","errors":""},{"type":{"id":29,"name":"Track Solo","type":"Solo","parent":25,"has_child":0,"level":2,"icon":"gps_fixed"},"chips":[],"controller_input_id":62,"name":"Solo 7","mode_id":1,"track_type":"track","track_include_folded":true,"track_number":7,"track_relative_to_session":true,"LED_mapping_type_needs_feedback":true,"LED_feedback":"default","LED_feedback_active":true,"LED_on":127,"LED_off":0,"LED_send_feedback_to_selected":["Controller input"],"control":"default","control_type":"Absolute","control_type_takeover_mode":"None","control_type_on":127,"control_type_off":0,"control_type_first":0,"control_type_last":127,"control_type_reverse_mode":"False","control_type_left":0,"control_type_right":127,"control_type_steps":1,"control_type_switch":"Momentary","control_type_delay_amount":0.5,"id":31,"get_mode_name":"mode 1","get_controller_name":"Button 62","get_type_name":"Solo","errors":""},{"type":{"id":29,"name":"Track Solo","type":"Solo","parent":25,"has_child":0,"level":2,"icon":"gps_fixed"},"chips":[],"controller_input_id":63,"name":"Solo 8","mode_id":1,"track_type":"track","track_include_folded":true,"track_number":8,"track_relative_to_session":true,"LED_mapping_type_needs_feedback":true,"LED_feedback":"default","LED_feedback_active":true,"LED_on":127,"LED_off":0,"LED_send_feedback_to_selected":["Controller input"],"control":"default","control_type":"Absolute","control_type_takeover_mode":"None","control_type_on":127,"control_type_off":0,"control_type_first":0,"control_type_last":127,"control_type_reverse_mode":"False","control_type_left":0,"control_type_right":127,"control_type_steps":1,"control_type_switch":"Momentary","control_type_delay_amount":0.5,"id":30,"get_mode_name":"mode 1","get_controller_name":"Button 63","get_type_name":"Solo","errors":""},{"type":{"id":30,"name":"Track Arm","type":"Arm","parent":25,"has_child":0,"level":2,"icon":"adjust"},"chips":[],"controller_input_id":38,"name":"Record 1","mode_id":1,"track_type":"track","track_include_folded":true,"track_number":1,"track_relative_to_session":true,"LED_mapping_type_needs_feedback":true,"LED_feedback":"default","LED_feedback_active":true,"LED_on":127,"LED_off":0,"LED_send_feedback_to_selected":["Controller input"],"control":"default","control_type":"Absolute","control_type_takeover_mode":"None","control_type_on":127,"control_type_off":0,"control_type_first":0,"control_type_last":127,"control_type_reverse_mode":"False","control_type_left":0,"control_type_right":127,"control_type_steps":1,"control_type_switch":"Momentary","control_type_delay_amount":0.5,"id":28,"get_mode_name":"mode 1","get_controller_name":"Button 13","get_type_name":"Arm","errors":""},{"type":{"id":30,"name":"Track Arm","type":"Arm","parent":25,"has_child":0,"level":2,"icon":"adjust"},"chips":[],"controller_input_id":39,"name":"Record 2","mode_id":1,"track_type":"track","track_include_folded":true,"track_number":2,"track_relative_to_session":true,"LED_mapping_type_needs_feedback":true,"LED_feedback":"default","LED_feedback_active":true,"LED_on":127,"LED_off":0,"LED_send_feedback_to_selected":["Controller input"],"control":"default","control_type":"Absolute","control_type_takeover_mode":"None","control_type_on":127,"control_type_off":0,"control_type_first":0,"control_type_last":127,"control_type_reverse_mode":"False","control_type_left":0,"control_type_right":127,"control_type_steps":1,"control_type_switch":"Momentary","control_type_delay_amount":0.5,"id":43,"get_mode_name":"mode 1","get_controller_name":"Button 14","get_type_name":"Arm","errors":""},{"type":{"id":30,"name":"Track Arm","type":"Arm","parent":25,"has_child":0,"level":2,"icon":"adjust"},"chips":[],"controller_input_id":40,"name":"Record 3","mode_id":1,"track_type":"track","track_include_folded":true,"track_number":3,"track_relative_to_session":true,"LED_mapping_type_needs_feedback":true,"LED_feedback":"default","LED_feedback_active":true,"LED_on":127,"LED_off":0,"LED_send_feedback_to_selected":["Controller input"],"control":"default","control_type":"Absolute","control_type_takeover_mode":"None","control_type_on":127,"control_type_off":0,"control_type_first":0,"control_type_last":127,"control_type_reverse_mode":"False","control_type_left":0,"control_type_right":127,"control_type_steps":1,"control_type_switch":"Momentary","control_type_delay_amount":0.5,"id":42,"get_mode_name":"mode 1","get_controller_name":"Button 15","get_type_name":"Arm","errors":""},{"type":{"id":30,"name":"Track Arm","type":"Arm","parent":25,"has_child":0,"level":2,"icon":"adjust"},"chips":[],"controller_input_id":41,"name":"Record 4","mode_id":1,"track_type":"track","track_include_folded":true,"track_number":4,"track_relative_to_session":true,"LED_mapping_type_needs_feedback":true,"LED_feedback":"default","LED_feedback_active":true,"LED_on":127,"LED_off":0,"LED_send_feedback_to_selected":["Controller input"],"control":"default","control_type":"Absolute","control_type_takeover_mode":"None","control_type_on":127,"control_type_off":0,"control_type_first":0,"control_type_last":127,"control_type_reverse_mode":"False","control_type_left":0,"control_type_right":127,"control_type_steps":1,"control_type_switch":"Momentary","control_type_delay_amount":0.5,"id":41,"get_mode_name":"mode 1","get_controller_name":"Button 16","get_type_name":"Arm","errors":""},{"type":{"id":30,"name":"Track Arm","type":"Arm","parent":25,"has_child":0,"level":2,"icon":"adjust"},"chips":[],"controller_input_id":42,"name":"Record 5","mode_id":1,"track_type":"track","track_include_folded":true,"track_number":5,"track_relative_to_session":true,"LED_mapping_type_needs_feedback":true,"LED_feedback":"default","LED_feedback_active":true,"LED_on":127,"LED_off":0,"LED_send_feedback_to_selected":["Controller input"],"control":"default","control_type":"Absolute","control_type_takeover_mode":"None","control_type_on":127,"control_type_off":0,"control_type_first":0,"control_type_last":127,"control_type_reverse_mode":"False","control_type_left":0,"control_type_right":127,"control_type_steps":1,"control_type_switch":"Momentary","control_type_delay_amount":0.5,"id":40,"get_mode_name":"mode 1","get_controller_name":"Button 17","get_type_name":"Arm","errors":""},{"type":{"id":30,"name":"Track Arm","type":"Arm","parent":25,"has_child":0,"level":2,"icon":"adjust"},"chips":[],"controller_input_id":43,"name":"Record 6","mode_id":1,"track_type":"track","track_include_folded":true,"track_number":6,"track_relative_to_session":true,"LED_mapping_type_needs_feedback":true,"LED_feedback":"default","LED_feedback_active":true,"LED_on":127,"LED_off":0,"LED_send_feedback_to_selected":["Controller input"],"control":"default","control_type":"Absolute","control_type_takeover_mode":"None","control_type_on":127,"control_type_off":0,"control_type_first":0,"control_type_last":127,"control_type_reverse_mode":"False","control_type_left":0,"control_type_right":127,"control_type_steps":1,"control_type_switch":"Momentary","control_type_delay_amount":0.5,"id":39,"get_mode_name":"mode 1","get_controller_name":"Button 18","get_type_name":"Arm","errors":""},{"type":{"id":30,"name":"Track Arm","type":"Arm","parent":25,"has_child":0,"level":2,"icon":"adjust"},"chips":[],"controller_input_id":44,"name":"Record 7","mode_id":1,"track_type":"track","track_include_folded":true,"track_number":7,"track_relative_to_session":true,"LED_mapping_type_needs_feedback":true,"LED_feedback":"default","LED_feedback_active":true,"LED_on":127,"LED_off":0,"LED_send_feedback_to_selected":["Controller input"],"control":"default","control_type":"Absolute","control_type_takeover_mode":"None","control_type_on":127,"control_type_off":0,"control_type_first":0,"control_type_last":127,"control_type_reverse_mode":"False","control_type_left":0,"control_type_right":127,"control_type_steps":1,"control_type_switch":"Momentary","control_type_delay_amount":0.5,"id":38,"get_mode_name":"mode 1","get_controller_name":"Button 19","get_type_name":"Arm","errors":""},{"type":{"id":30,"name":"Track Arm","type":"Arm","parent":25,"has_child":0,"level":2,"icon":"adjust"},"chips":[],"controller_input_id":45,"name":"Record 8","mode_id":1,"track_type":"track","track_include_folded":true,"track_number":8,"track_relative_to_session":true,"LED_mapping_type_needs_feedback":true,"LED_feedback":"default","LED_feedback_active":true,"LED_on":127,"LED_off":0,"LED_send_feedback_to_selected":["Controller input"],"control":"default","control_type":"Absolute","control_type_takeover_mode":"None","control_type_on":127,"control_type_off":0,"control_type_first":0,"control_type_last":127,"control_type_reverse_mode":"False","control_type_left":0,"control_type_right":127,"control_type_steps":1,"control_type_switch":"Momentary","control_type_delay_amount":0.5,"id":37,"get_mode_name":"mode 1","get_controller_name":"Button 20","get_type_name":"Arm","errors":""},{"type":{"id":28,"name":"Track Mute","type":"Mute","parent":25,"has_child":0,"level":2,"icon":"volume_off"},"chips":[],"controller_input_id":29,"name":"Mute 1","mode_id":1,"track_type":"track","track_include_folded":true,"track_number":1,"track_relative_to_session":true,"LED_mapping_type_needs_feedback":true,"LED_feedback":"custom","LED_feedback_active":true,"LED_on":0,"LED_off":127,"LED_send_feedback_to_selected":["Controller input"],"control":"default","control_type":"Absolute","control_type_takeover_mode":"None","control_type_on":127,"control_type_off":0,"control_type_first":0,"control_type_last":127,"control_type_reverse_mode":"False","control_type_left":0,"control_type_right":127,"control_type_steps":1,"control_type_switch":"Momentary","control_type_delay_amount":0.5,"id":20,"get_mode_name":"mode 1","get_controller_name":"Button 4","get_type_name":"Mute","errors":""},{"type":{"id":28,"name":"Track Mute","type":"Mute","parent":25,"has_child":0,"level":2,"icon":"volume_off"},"chips":[],"controller_input_id":30,"name":"Mute 2","mode_id":1,"track_type":"track","track_include_folded":true,"track_number":2,"track_relative_to_session":true,"LED_mapping_type_needs_feedback":true,"LED_feedback":"custom","LED_feedback_active":true,"LED_on":0,"LED_off":127,"LED_send_feedback_to_selected":["Controller input"],"control":"default","control_type":"Absolute","control_type_takeover_mode":"None","control_type_on":127,"control_type_off":0,"control_type_first":0,"control_type_last":127,"control_type_reverse_mode":"False","control_type_left":0,"control_type_right":127,"control_type_steps":1,"control_type_switch":"Momentary","control_type_delay_amount":0.5,"id":27,"get_mode_name":"mode 1","get_controller_name":"Button 5","get_type_name":"Mute","errors":""},{"type":{"id":28,"name":"Track Mute","type":"Mute","parent":25,"has_child":0,"level":2,"icon":"volume_off"},"chips":[],"controller_input_id":31,"name":"Mute 3","mode_id":1,"track_type":"track","track_include_folded":true,"track_number":3,"track_relative_to_session":true,"LED_mapping_type_needs_feedback":true,"LED_feedback":"custom","LED_feedback_active":true,"LED_on":0,"LED_off":127,"LED_send_feedback_to_selected":["Controller input"],"control":"default","control_type":"Absolute","control_type_takeover_mode":"None","control_type_on":127,"control_type_off":0,"control_type_first":0,"control_type_last":127,"control_type_reverse_mode":"False","control_type_left":0,"control_type_right":127,"control_type_steps":1,"control_type_switch":"Momentary","control_type_delay_amount":0.5,"id":26,"get_mode_name":"mode 1","get_controller_name":"Button 6","get_type_name":"Mute","errors":""},{"type":{"id":28,"name":"Track Mute","type":"Mute","parent":25,"has_child":0,"level":2,"icon":"volume_off"},"chips":[],"controller_input_id":32,"name":"Mute 4","mode_id":1,"track_type":"track","track_include_folded":true,"track_number":4,"track_relative_to_session":true,"LED_mapping_type_needs_feedback":true,"LED_feedback":"custom","LED_feedback_active":true,"LED_on":0,"LED_off":127,"LED_send_feedback_to_selected":["Controller input"],"control":"default","control_type":"Absolute","control_type_takeover_mode":"None","control_type_on":127,"control_type_off":0,"control_type_first":0,"control_type_last":127,"control_type_reverse_mode":"False","control_type_left":0,"control_type_right":127,"control_type_steps":1,"control_type_switch":"Momentary","control_type_delay_amount":0.5,"id":25,"get_mode_name":"mode 1","get_controller_name":"Button 7","get_type_name":"Mute","errors":""},{"type":{"id":28,"name":"Track Mute","type":"Mute","parent":25,"has_child":0,"level":2,"icon":"volume_off"},"chips":[],"controller_input_id":33,"name":"Mute 5","mode_id":1,"track_type":"track","track_include_folded":true,"track_number":5,"track_relative_to_session":true,"LED_mapping_type_needs_feedback":true,"LED_feedback":"custom","LED_feedback_active":true,"LED_on":0,"LED_off":127,"LED_send_feedback_to_selected":["Controller input"],"control":"default","control_type":"Absolute","control_type_takeover_mode":"None","control_type_on":127,"control_type_off":0,"control_type_first":0,"control_type_last":127,"control_type_reverse_mode":"False","control_type_left":0,"control_type_right":127,"control_type_steps":1,"control_type_switch":"Momentary","control_type_delay_amount":0.5,"id":24,"get_mode_name":"mode 1","get_controller_name":"Button 8","get_type_name":"Mute","errors":""},{"type":{"id":28,"name":"Track Mute","type":"Mute","parent":25,"has_child":0,"level":2,"icon":"volume_off"},"chips":[],"controller_input_id":34,"name":"Mute 6","mode_id":1,"track_type":"track","track_include_folded":true,"track_number":6,"track_relative_to_session":true,"LED_mapping_type_needs_feedback":true,"LED_feedback":"custom","LED_feedback_active":true,"LED_on":0,"LED_off":127,"LED_send_feedback_to_selected":["Controller input"],"control":"default","control_type":"Absolute","control_type_takeover_mode":"None","control_type_on":127,"control_type_off":0,"control_type_first":0,"control_type_last":127,"control_type_reverse_mode":"False","control_type_left":0,"control_type_right":127,"control_type_steps":1,"control_type_switch":"Momentary","control_type_delay_amount":0.5,"id":23,"get_mode_name":"mode 1","get_controller_name":"Button 9","get_type_name":"Mute","errors":""},{"type":{"id":28,"name":"Track Mute","type":"Mute","parent":25,"has_child":0,"level":2,"icon":"volume_off"},"chips":[],"controller_input_id":35,"name":"Mute 7","mode_id":1,"track_type":"track","track_include_folded":true,"track_number":7,"track_relative_to_session":true,"LED_mapping_type_needs_feedback":true,"LED_feedback":"custom","LED_feedback_active":true,"LED_on":0,"LED_off":127,"LED_send_feedback_to_selected":["Controller input"],"control":"default","control_type":"Absolute","control_type_takeover_mode":"None","control_type_on":127,"control_type_off":0,"control_type_first":0,"control_type_last":127,"control_type_reverse_mode":"False","control_type_left":0,"control_type_right":127,"control_type_steps":1,"control_type_switch":"Momentary","control_type_delay_amount":0.5,"id":22,"get_mode_name":"mode 1","get_controller_name":"Button 10","get_type_name":"Mute","errors":""},{"type":{"id":28,"name":"Track Mute","type":"Mute","parent":25,"has_child":0,"level":2,"icon":"volume_off"},"chips":[],"controller_input_id":36,"name":"Mute 8","mode_id":1,"track_type":"track","track_include_folded":true,"track_number":8,"track_relative_to_session":true,"LED_mapping_type_needs_feedback":true,"LED_feedback":"custom","LED_feedback_active":true,"LED_on":0,"LED_off":127,"LED_send_feedback_to_selected":["Controller input"],"control":"default","control_type":"Absolute","control_type_takeover_mode":"None","control_type_on":127,"control_type_off":0,"control_type_first":0,"control_type_last":127,"control_type_reverse_mode":"False","control_type_left":0,"control_type_right":127,"control_type_steps":1,"control_type_switch":"Momentary","control_type_delay_amount":0.5,"id":21,"get_mode_name":"mode 1","get_controller_name":"Button 11","get_type_name":"Mute","errors":""},{"type":{"id":69,"name":"Device Parameter","type":"Parameter","parent":37,"has_child":0,"level":3,"icon":"power_settings_new"},"chips":[],"controller_input_id":2,"name":"Device Param","mode_id":1,"device_selector":"selected","device_selector_input":1,"device_selector_chain_targeting":[],"track_type":"selected","track_include_folded":true,"track_number":1,"track_relative_to_session":true,"snap_to":"True","select_parameter":1,"minimum":0,"maximum":100,"parameter_bank_number":1,"LED_mapping_type_needs_feedback":true,"LED_feedback":"default","LED_feedback_active":true,"LED_on":127,"LED_off":0,"LED_send_feedback_to_selected":["Controller input"],"control":"default","control_type":"Absolute","control_type_takeover_mode":"None","control_type_on":127,"control_type_off":0,"control_type_first":0,"control_type_last":127,"control_type_reverse_mode":"False","control_type_left":0,"control_type_right":127,"control_type_steps":1,"control_type_switch":"Momentary","control_type_delay_amount":0.5,"id":4,"get_mode_name":"mode 1","get_controller_name":"Knob 1","get_type_name":"Parameter","errors":""},{"type":{"id":69,"name":"Device Parameter","type":"Parameter","parent":37,"has_child":0,"level":3,"icon":"power_settings_new"},"chips":[],"controller_input_id":3,"name":"Device Param 2","mode_id":1,"device_selector":"selected","device_selector_input":1,"device_selector_chain_targeting":[],"track_type":"selected","track_include_folded":true,"track_number":1,"track_relative_to_session":true,"snap_to":"True","select_parameter":2,"minimum":0,"maximum":100,"parameter_bank_number":1,"LED_mapping_type_needs_feedback":true,"LED_feedback":"default","LED_feedback_active":true,"LED_on":127,"LED_off":0,"LED_send_feedback_to_selected":["Controller input"],"control":"default","control_type":"Absolute","control_type_takeover_mode":"None","control_type_on":127,"control_type_off":0,"control_type_first":0,"control_type_last":127,"control_type_reverse_mode":"False","control_type_left":0,"control_type_right":127,"control_type_steps":1,"control_type_switch":"Momentary","control_type_delay_amount":0.5,"id":19,"get_mode_name":"mode 1","get_controller_name":"Knob 2","get_type_name":"Parameter","errors":""},{"type":{"id":69,"name":"Device Parameter","type":"Parameter","parent":37,"has_child":0,"level":3,"icon":"power_settings_new"},"chips":[],"controller_input_id":4,"name":"Device Param 3","mode_id":1,"device_selector":"selected","device_selector_input":1,"device_selector_chain_targeting":[],"track_type":"selected","track_include_folded":true,"track_number":1,"track_relative_to_session":true,"snap_to":"True","select_parameter":3,"minimum":0,"maximum":100,"parameter_bank_number":1,"LED_mapping_type_needs_feedback":true,"LED_feedback":"default","LED_feedback_active":true,"LED_on":127,"LED_off":0,"LED_send_feedback_to_selected":["Controller input"],"control":"default","control_type":"Absolute","control_type_takeover_mode":"None","control_type_on":127,"control_type_off":0,"control_type_first":0,"control_type_last":127,"control_type_reverse_mode":"False","control_type_left":0,"control_type_right":127,"control_type_steps":1,"control_type_switch":"Momentary","control_type_delay_amount":0.5,"id":18,"get_mode_name":"mode 1","get_controller_name":"Knob 3","get_type_name":"Parameter","errors":""},{"type":{"id":69,"name":"Device Parameter","type":"Parameter","parent":37,"has_child":0,"level":3,"icon":"power_settings_new"},"chips":[],"controller_input_id":5,"name":"Device Param 4","mode_id":1,"device_selector":"selected","device_selector_input":1,"device_selector_chain_targeting":[],"track_type":"selected","track_include_folded":true,"track_number":1,"track_relative_to_session":true,"snap_to":"True","select_parameter":4,"minimum":0,"maximum":100,"parameter_bank_number":1,"LED_mapping_type_needs_feedback":true,"LED_feedback":"default","LED_feedback_active":true,"LED_on":127,"LED_off":0,"LED_send_feedback_to_selected":["Controller input"],"control":"default","control_type":"Absolute","control_type_takeover_mode":"None","control_type_on":127,"control_type_off":0,"control_type_first":0,"control_type_last":127,"control_type_reverse_mode":"False","control_type_left":0,"control_type_right":127,"control_type_steps":1,"control_type_switch":"Momentary","control_type_delay_amount":0.5,"id":17,"get_mode_name":"mode 1","get_controller_name":"Knob 4","get_type_name":"Parameter","errors":""},{"type":{"id":69,"name":"Device Parameter","type":"Parameter","parent":37,"has_child":0,"level":3,"icon":"power_settings_new"},"chips":[],"controller_input_id":6,"name":"Device Param 5","mode_id":1,"device_selector":"selected","device_selector_input":1,"device_selector_chain_targeting":[],"track_type":"selected","track_include_folded":true,"track_number":1,"track_relative_to_session":true,"snap_to":"True","select_parameter":5,"minimum":0,"maximum":100,"parameter_bank_number":1,"LED_mapping_type_needs_feedback":true,"LED_feedback":"default","LED_feedback_active":true,"LED_on":127,"LED_off":0,"LED_send_feedback_to_selected":["Controller input"],"control":"default","control_type":"Absolute","control_type_takeover_mode":"None","control_type_on":127,"control_type_off":0,"control_type_first":0,"control_type_last":127,"control_type_reverse_mode":"False","control_type_left":0,"control_type_right":127,"control_type_steps":1,"control_type_switch":"Momentary","control_type_delay_amount":0.5,"id":16,"get_mode_name":"mode 1","get_controller_name":"Knob 5","get_type_name":"Parameter","errors":""},{"type":{"id":69,"name":"Device Parameter","type":"Parameter","parent":37,"has_child":0,"level":3,"icon":"power_settings_new"},"chips":[],"controller_input_id":7,"name":"Device Param 6","mode_id":1,"device_selector":"selected","device_selector_input":1,"device_selector_chain_targeting":[],"track_type":"selected","track_include_folded":true,"track_number":1,"track_relative_to_session":true,"snap_to":"True","select_parameter":6,"minimum":0,"maximum":100,"parameter_bank_number":1,"LED_mapping_type_needs_feedback":true,"LED_feedback":"default","LED_feedback_active":true,"LED_on":127,"LED_off":0,"LED_send_feedback_to_selected":["Controller input"],"control":"default","control_type":"Absolute","control_type_takeover_mode":"None","control_type_on":127,"control_type_off":0,"control_type_first":0,"control_type_last":127,"control_type_reverse_mode":"False","control_type_left":0,"control_type_right":127,"control_type_steps":1,"control_type_switch":"Momentary","control_type_delay_amount":0.5,"id":15,"get_mode_name":"mode 1","get_controller_name":"Knob 6","get_type_name":"Parameter","errors":""},{"type":{"id":69,"name":"Device Parameter","type":"Parameter","parent":37,"has_child":0,"level":3,"icon":"power_settings_new"},"chips":[],"controller_input_id":8,"name":"Device Param 7","mode_id":1,"device_selector":"selected","device_selector_input":1,"device_selector_chain_targeting":[],"track_type":"selected","track_include_folded":true,"track_number":1,"track_relative_to_session":true,"snap_to":"True","select_parameter":7,"minimum":0,"maximum":100,"parameter_bank_number":1,"LED_mapping_type_needs_feedback":true,"LED_feedback":"default","LED_feedback_active":true,"LED_on":127,"LED_off":0,"LED_send_feedback_to_selected":["Controller input"],"control":"default","control_type":"Absolute","control_type_takeover_mode":"None","control_type_on":127,"control_type_off":0,"control_type_first":0,"control_type_last":127,"control_type_reverse_mode":"False","control_type_left":0,"control_type_right":127,"control_type_steps":1,"control_type_switch":"Momentary","control_type_delay_amount":0.5,"id":14,"get_mode_name":"mode 1","get_controller_name":"Knob 7","get_type_name":"Parameter","errors":""},{"type":{"id":69,"name":"Device Parameter","type":"Parameter","parent":37,"has_child":0,"level":3,"icon":"power_settings_new"},"chips":[],"controller_input_id":9,"name":"Device Param 8","mode_id":1,"device_selector":"selected","device_selector_input":1,"device_selector_chain_targeting":[],"track_type":"selected","track_include_folded":true,"track_number":1,"track_relative_to_session":true,"snap_to":"True","select_parameter":8,"minimum":0,"maximum":100,"parameter_bank_number":1,"LED_mapping_type_needs_feedback":true,"LED_feedback":"default","LED_feedback_active":true,"LED_on":127,"LED_off":0,"LED_send_feedback_to_selected":["Controller input"],"control":"default","control_type":"Absolute","control_type_takeover_mode":"None","control_type_on":127,"control_type_off":0,"control_type_first":0,"control_type_last":127,"control_type_reverse_mode":"False","control_type_left":0,"control_type_right":127,"control_type_steps":1,"control_type_switch":"Momentary","control_type_delay_amount":0.5,"id":13,"get_mode_name":"mode 1","get_controller_name":"Knob 8","get_type_name":"Parameter","errors":""},{"type":{"id":69,"name":"Device Parameter","type":"Parameter","parent":37,"has_child":0,"level":3,"icon":"power_settings_new"},"chips":[],"controller_input_id":10,"name":"Device Param 9","mode_id":1,"device_selector":"selected","device_selector_input":1,"device_selector_chain_targeting":[],"track_type":"selected","track_include_folded":true,"track_number":1,"track_relative_to_session":true,"snap_to":"True","select_parameter":9,"minimum":0,"maximum":100,"parameter_bank_number":1,"LED_mapping_type_needs_feedback":true,"LED_feedback":"default","LED_feedback_active":true,"LED_on":127,"LED_off":0,"LED_send_feedback_to_selected":["Controller input"],"control":"default","control_type":"Absolute","control_type_takeover_mode":"None","control_type_on":127,"control_type_off":0,"control_type_first":0,"control_type_last":127,"control_type_reverse_mode":"False","control_type_left":0,"control_type_right":127,"control_type_steps":1,"control_type_switch":"Momentary","control_type_delay_amount":0.5,"id":12,"get_mode_name":"mode 1","get_controller_name":"Knob 9","get_type_name":"Parameter","errors":""},{"type":{"id":69,"name":"Device Parameter","type":"Parameter","parent":37,"has_child":0,"level":3,"icon":"power_settings_new"},"chips":[],"controller_input_id":11,"name":"Device Param 10","mode_id":1,"device_selector":"selected","device_selector_input":1,"device_selector_chain_targeting":[],"track_type":"selected","track_include_folded":true,"track_number":1,"track_relative_to_session":true,"snap_to":"True","select_parameter":10,"minimum":0,"maximum":100,"parameter_bank_number":1,"LED_mapping_type_needs_feedback":true,"LED_feedback":"default","LED_feedback_active":true,"LED_on":127,"LED_off":0,"LED_send_feedback_to_selected":["Controller input"],"control":"default","control_type":"Absolute","control_type_takeover_mode":"None","control_type_on":127,"control_type_off":0,"control_type_first":0,"control_type_last":127,"control_type_reverse_mode":"False","control_type_left":0,"control_type_right":127,"control_type_steps":1,"control_type_switch":"Momentary","control_type_delay_amount":0.5,"id":11,"get_mode_name":"mode 1","get_controller_name":"Knob 10","get_type_name":"Parameter","errors":""},{"type":{"id":69,"name":"Device Parameter","type":"Parameter","parent":37,"has_child":0,"level":3,"icon":"power_settings_new"},"chips":[],"controller_input_id":12,"name":"Device Param 11","mode_id":1,"device_selector":"selected","device_selector_input":1,"device_selector_chain_targeting":[],"track_type":"selected","track_include_folded":true,"track_number":1,"track_relative_to_session":true,"snap_to":"True","select_parameter":11,"minimum":0,"maximum":100,"parameter_bank_number":1,"LED_mapping_type_needs_feedback":true,"LED_feedback":"default","LED_feedback_active":true,"LED_on":127,"LED_off":0,"LED_send_feedback_to_selected":["Controller input"],"control":"default","control_type":"Absolute","control_type_takeover_mode":"None","control_type_on":127,"control_type_off":0,"control_type_first":0,"control_type_last":127,"control_type_reverse_mode":"False","control_type_left":0,"control_type_right":127,"control_type_steps":1,"control_type_switch":"Momentary","control_type_delay_amount":0.5,"id":10,"get_mode_name":"mode 1","get_controller_name":"Knob 11","get_type_name":"Parameter","errors":""},{"type":{"id":69,"name":"Device Parameter","type":"Parameter","parent":37,"has_child":0,"level":3,"icon":"power_settings_new"},"chips":[],"controller_input_id":13,"name":"Device Param 12","mode_id":1,"device_selector":"selected","device_selector_input":1,"device_selector_chain_targeting":[],"track_type":"selected","track_include_folded":true,"track_number":1,"track_relative_to_session":true,"snap_to":"True","select_parameter":12,"minimum":0,"maximum":100,"parameter_bank_number":1,"LED_mapping_type_needs_feedback":true,"LED_feedback":"default","LED_feedback_active":true,"LED_on":127,"LED_off":0,"LED_send_feedback_to_selected":["Controller input"],"control":"default","control_type":"Absolute","control_type_takeover_mode":"None","control_type_on":127,"control_type_off":0,"control_type_first":0,"control_type_last":127,"control_type_reverse_mode":"False","control_type_left":0,"control_type_right":127,"control_type_steps":1,"control_type_switch":"Momentary","control_type_delay_amount":0.5,"id":9,"get_mode_name":"mode 1","get_controller_name":"Knob 12","get_type_name":"Parameter","errors":""},{"type":{"id":69,"name":"Device Parameter","type":"Parameter","parent":37,"has_child":0,"level":3,"icon":"power_settings_new"},"chips":[],"controller_input_id":14,"name":"Device Param 13","mode_id":1,"device_selector":"selected","device_selector_input":1,"device_selector_chain_targeting":[],"track_type":"selected","track_include_folded":true,"track_number":1,"track_relative_to_session":true,"snap_to":"True","select_parameter":13,"minimum":0,"maximum":100,"parameter_bank_number":1,"LED_mapping_type_needs_feedback":true,"LED_feedback":"default","LED_feedback_active":true,"LED_on":127,"LED_off":0,"LED_send_feedback_to_selected":["Controller input"],"control":"default","control_type":"Absolute","control_type_takeover_mode":"None","control_type_on":127,"control_type_off":0,"control_type_first":0,"control_type_last":127,"control_type_reverse_mode":"False","control_type_left":0,"control_type_right":127,"control_type_steps":1,"control_type_switch":"Momentary","control_type_delay_amount":0.5,"id":8,"get_mode_name":"mode 1","get_controller_name":"Knob 13","get_type_name":"Parameter","errors":""},{"type":{"id":69,"name":"Device Parameter","type":"Parameter","parent":37,"has_child":0,"level":3,"icon":"power_settings_new"},"chips":[],"controller_input_id":15,"name":"Device Param 14","mode_id":1,"device_selector":"selected","device_selector_input":1,"device_selector_chain_targeting":[],"track_type":"selected","track_include_folded":true,"track_number":1,"track_relative_to_session":true,"snap_to":"True","select_parameter":14,"minimum":0,"maximum":100,"parameter_bank_number":1,"LED_mapping_type_needs_feedback":true,"LED_feedback":"default","LED_feedback_active":true,"LED_on":127,"LED_off":0,"LED_send_feedback_to_selected":["Controller input"],"control":"default","control_type":"Absolute","control_type_takeover_mode":"None","control_type_on":127,"control_type_off":0,"control_type_first":0,"control_type_last":127,"control_type_reverse_mode":"False","control_type_left":0,"control_type_right":127,"control_type_steps":1,"control_type_switch":"Momentary","control_type_delay_amount":0.5,"id":7,"get_mode_name":"mode 1","get_controller_name":"Knob 14","get_type_name":"Parameter","errors":""},{"type":{"id":69,"name":"Device Parameter","type":"Parameter","parent":37,"has_child":0,"level":3,"icon":"power_settings_new"},"chips":[],"controller_input_id":16,"name":"Device Param 15","mode_id":1,"device_selector":"selected","device_selector_input":1,"device_selector_chain_targeting":[],"track_type":"selected","track_include_folded":true,"track_number":1,"track_relative_to_session":true,"snap_to":"True","select_parameter":15,"minimum":0,"maximum":100,"parameter_bank_number":1,"LED_mapping_type_needs_feedback":true,"LED_feedback":"default","LED_feedback_active":true,"LED_on":127,"LED_off":0,"LED_send_feedback_to_selected":["Controller input"],"control":"default","control_type":"Absolute","control_type_takeover_mode":"None","control_type_on":127,"control_type_off":0,"control_type_first":0,"control_type_last":127,"control_type_reverse_mode":"False","control_type_left":0,"control_type_right":127,"control_type_steps":1,"control_type_switch":"Momentary","control_type_delay_amount":0.5,"id":6,"get_mode_name":"mode 1","get_controller_name":"Knob 15","get_type_name":"Parameter","errors":""},{"type":{"id":69,"name":"Device Parameter","type":"Parameter","parent":37,"has_child":0,"level":3,"icon":"power_settings_new"},"chips":[],"controller_input_id":17,"name":"Device Param 16","mode_id":1,"device_selector":"selected","device_selector_input":1,"device_selector_chain_targeting":[],"track_type":"selected","track_include_folded":true,"track_number":1,"track_relative_to_session":true,"snap_to":"True","select_parameter":16,"minimum":0,"maximum":100,"parameter_bank_number":1,"LED_mapping_type_needs_feedback":true,"LED_feedback":"default","LED_feedback_active":true,"LED_on":127,"LED_off":0,"LED_send_feedback_to_selected":["Controller input"],"control":"default","control_type":"Absolute","control_type_takeover_mode":"None","control_type_on":127,"control_type_off":0,"control_type_first":0,"control_type_last":127,"control_type_reverse_mode":"False","control_type_left":0,"control_type_right":127,"control_type_steps":1,"control_type_switch":"Momentary","control_type_delay_amount":0.5,"id":5,"get_mode_name":"mode 1","get_controller_name":"Knob 16","get_type_name":"Parameter","errors":""},{"LED_feedback":"custom","LED_feedback_active":false,"LED_mapping_type_needs_feedback":false,"LED_off":0,"LED_on":127,"LED_send_feedback_to_selected":["Knob 1"],"has_child":1,"id":1,"level":0,"name":"mode 1","parent_id":0,"type":{"id":0,"name":"Mode","type":"Mode","parent":null,"has_child":1,"level":0,"icon":"fa-layer-group"},"get_mode_name":"","get_controller_name":"","get_type_name":"Mode","errors":""},{"LED_feedback":"custom","LED_feedback_active":false,"LED_mapping_type_needs_feedback":false,"LED_off":0,"LED_on":127,"LED_send_feedback_to_selected":["Knob 1"],"has_child":1,"id":2,"level":0,"name":"mode 2","parent_id":0,"type":{"id":0,"name":"Mode","type":"Mode","parent":null,"has_child":1,"level":0,"icon":"fa-layer-group"},"get_mode_name":"","get_controller_name":"","get_type_name":"Mode","errors":""},{"LED_feedback":"custom","LED_feedback_active":false,"LED_mapping_type_needs_feedback":false,"LED_off":0,"LED_on":127,"LED_send_feedback_to_selected":["Knob 1"],"has_child":1,"id":3,"level":0,"name":"shift mode","parent_id":0,"type":{"id":0,"name":"Mode","type":"Mode","parent":null,"has_child":1,"level":0,"icon":"fa-layer-group"},"get_mode_name":"","get_controller_name":"","get_type_name":"Mode","errors":""}]